-- phpMyAdmin SQL Dump
-- version 5.2.0
-- https://www.phpmyadmin.net/
--
-- Host: 127.0.0.1
-- Waktu pembuatan: 31 Jul 2024 pada 10.37
-- Versi server: 10.4.27-MariaDB
-- Versi PHP: 8.0.25

SET SQL_MODE = "NO_AUTO_VALUE_ON_ZERO";
START TRANSACTION;
SET time_zone = "+00:00";


/*!40101 SET @OLD_CHARACTER_SET_CLIENT=@@CHARACTER_SET_CLIENT */;
/*!40101 SET @OLD_CHARACTER_SET_RESULTS=@@CHARACTER_SET_RESULTS */;
/*!40101 SET @OLD_COLLATION_CONNECTION=@@COLLATION_CONNECTION */;
/*!40101 SET NAMES utf8mb4 */;

--
-- Database: `klinik`
--

-- --------------------------------------------------------

--
-- Struktur dari tabel `berobat`
--

CREATE TABLE `berobat` (
  `id_berobat` int(11) NOT NULL,
  `id_pasien` int(11) NOT NULL,
  `id_dokter` int(11) NOT NULL,
  `tgl_berobat` date NOT NULL,
  `keluhan_pasien` varchar(200) NOT NULL,
  `hasil_diagnosa` varchar(200) NOT NULL,
  `penatalaksanaan` enum('Rawat Jalan','Rawat Inap','Rujuk','Lainnya') DEFAULT NULL
) ENGINE=InnoDB DEFAULT CHARSET=utf8mb4 COLLATE=utf8mb4_general_ci;

--
-- Dumping data untuk tabel `berobat`
--

INSERT INTO `berobat` (`id_berobat`, `id_pasien`, `id_dokter`, `tgl_berobat`, `keluhan_pasien`, `hasil_diagnosa`, `penatalaksanaan`) VALUES
(15, 9, 10, '2024-07-31', 'Tubuh terasa panas, kepala merasa pusing', 'Demam', 'Lainnya'),
(16, 11, 2, '2024-07-31', 'Tubuh terasa panas', 'Demam', 'Rawat Jalan'),
(17, 10, 9, '2024-07-30', 'Muncul bintik bintik merah, badan gatal gatal ', 'Cacar Air', 'Rawat Jalan');

-- --------------------------------------------------------

--
-- Struktur dari tabel `dokter`
--

CREATE TABLE `dokter` (
  `id_dokter` int(11) NOT NULL,
  `nama_dokter` varchar(50) NOT NULL
) ENGINE=InnoDB DEFAULT CHARSET=utf8mb4 COLLATE=utf8mb4_general_ci;

--
-- Dumping data untuk tabel `dokter`
--

INSERT INTO `dokter` (`id_dokter`, `nama_dokter`) VALUES
(2, 'Dr. Hafif'),
(9, 'Dr. Michael'),
(10, 'Dr. Carissa');

-- --------------------------------------------------------

--
-- Struktur dari tabel `obat`
--

CREATE TABLE `obat` (
  `id_obat` int(11) NOT NULL,
  `nama_obat` varchar(100) NOT NULL
) ENGINE=InnoDB DEFAULT CHARSET=utf8mb4 COLLATE=utf8mb4_general_ci;

--
-- Dumping data untuk tabel `obat`
--

INSERT INTO `obat` (`id_obat`, `nama_obat`) VALUES
(1, 'Paracetamol'),
(6, 'Sanmol'),
(7, 'Antihistamin');

-- --------------------------------------------------------

--
-- Struktur dari tabel `pasien`
--

CREATE TABLE `pasien` (
  `id_pasien` int(11) NOT NULL,
  `nama_pasien` varchar(40) NOT NULL,
  `jenis_kelamin` enum('L','P') NOT NULL,
  `umur` int(2) NOT NULL
) ENGINE=InnoDB DEFAULT CHARSET=utf8mb4 COLLATE=utf8mb4_general_ci;

--
-- Dumping data untuk tabel `pasien`
--

INSERT INTO `pasien` (`id_pasien`, `nama_pasien`, `jenis_kelamin`, `umur`) VALUES
(9, 'Zahira', 'P', 10),
(10, 'Faisal', 'L', 21),
(11, 'Banafsaj Danka', 'P', 25);

-- --------------------------------------------------------

--
-- Struktur dari tabel `resep_obat`
--

CREATE TABLE `resep_obat` (
  `id_resep` int(11) NOT NULL,
  `id_berobat` int(11) NOT NULL,
  `id_obat` int(11) NOT NULL
) ENGINE=InnoDB DEFAULT CHARSET=utf8mb4 COLLATE=utf8mb4_general_ci;

--
-- Dumping data untuk tabel `resep_obat`
--

INSERT INTO `resep_obat` (`id_resep`, `id_berobat`, `id_obat`) VALUES
(12, 15, 1),
(13, 17, 7),
(14, 16, 6);

-- --------------------------------------------------------

--
-- Struktur dari tabel `users`
--

CREATE TABLE `users` (
  `id` int(5) NOT NULL,
  `username` varchar(20) NOT NULL,
  `password` varchar(32) NOT NULL,
  `nama_lengkap` varchar(50) NOT NULL,
  `role` enum('admin','user') NOT NULL DEFAULT 'user'
) ENGINE=InnoDB DEFAULT CHARSET=utf8mb4 COLLATE=utf8mb4_general_ci;

--
-- Dumping data untuk tabel `users`
--

INSERT INTO `users` (`id`, `username`, `password`, `nama_lengkap`, `role`) VALUES
(1, 'admin', '21232f297a57a5a743894a0e4a801fc3', 'Admin', 'admin');

--
-- Indexes for dumped tables
--

--
-- Indeks untuk tabel `berobat`
--
ALTER TABLE `berobat`
  ADD PRIMARY KEY (`id_berobat`),
  ADD KEY `id_pasien` (`id_pasien`),
  ADD KEY `id_dokter` (`id_dokter`);

--
-- Indeks untuk tabel `dokter`
--
ALTER TABLE `dokter`
  ADD PRIMARY KEY (`id_dokter`);

--
-- Indeks untuk tabel `obat`
--
ALTER TABLE `obat`
  ADD PRIMARY KEY (`id_obat`);

--
-- Indeks untuk tabel `pasien`
--
ALTER TABLE `pasien`
  ADD PRIMARY KEY (`id_pasien`);

--
-- Indeks untuk tabel `resep_obat`
--
ALTER TABLE `resep_obat`
  ADD PRIMARY KEY (`id_resep`),
  ADD KEY `id_berobat` (`id_berobat`),
  ADD KEY `id_obat` (`id_obat`);

--
-- Indeks untuk tabel `users`
--
ALTER TABLE `users`
  ADD PRIMARY KEY (`id`);

--
-- AUTO_INCREMENT untuk tabel yang dibuang
--

--
-- AUTO_INCREMENT untuk tabel `berobat`
--
ALTER TABLE `berobat`
  MODIFY `id_berobat` int(11) NOT NULL AUTO_INCREMENT, AUTO_INCREMENT=18;

--
-- AUTO_INCREMENT untuk tabel `dokter`
--
ALTER TABLE `dokter`
  MODIFY `id_dokter` int(11) NOT NULL AUTO_INCREMENT, AUTO_INCREMENT=11;

--
-- AUTO_INCREMENT untuk tabel `obat`
--
ALTER TABLE `obat`
  MODIFY `id_obat` int(11) NOT NULL AUTO_INCREMENT, AUTO_INCREMENT=8;

--
-- AUTO_INCREMENT untuk tabel `pasien`
--
ALTER TABLE `pasien`
  MODIFY `id_pasien` int(11) NOT NULL AUTO_INCREMENT, AUTO_INCREMENT=12;

--
-- AUTO_INCREMENT untuk tabel `resep_obat`
--
ALTER TABLE `resep_obat`
  MODIFY `id_resep` int(11) NOT NULL AUTO_INCREMENT, AUTO_INCREMENT=15;

--
-- AUTO_INCREMENT untuk tabel `users`
--
ALTER TABLE `users`
  MODIFY `id` int(5) NOT NULL AUTO_INCREMENT, AUTO_INCREMENT=24;

--
-- Ketidakleluasaan untuk tabel pelimpahan (Dumped Tables)
--

--
-- Ketidakleluasaan untuk tabel `berobat`
--
ALTER TABLE `berobat`
  ADD CONSTRAINT `berobat_ibfk_1` FOREIGN KEY (`id_pasien`) REFERENCES `pasien` (`id_pasien`) ON DELETE CASCADE ON UPDATE CASCADE,
  ADD CONSTRAINT `berobat_ibfk_2` FOREIGN KEY (`id_dokter`) REFERENCES `dokter` (`id_dokter`) ON DELETE CASCADE ON UPDATE CASCADE;

--
-- Ketidakleluasaan untuk tabel `resep_obat`
--
ALTER TABLE `resep_obat`
  ADD CONSTRAINT `resep_obat_ibfk_1` FOREIGN KEY (`id_obat`) REFERENCES `obat` (`id_obat`),
  ADD CONSTRAINT `resep_obat_ibfk_2` FOREIGN KEY (`id_berobat`) REFERENCES `berobat` (`id_berobat`) ON DELETE CASCADE ON UPDATE CASCADE;
COMMIT;

/*!40101 SET CHARACTER_SET_CLIENT=@OLD_CHARACTER_SET_CLIENT */;
/*!40101 SET CHARACTER_SET_RESULTS=@OLD_CHARACTER_SET_RESULTS */;
/*!40101 SET COLLATION_CONNECTION=@OLD_COLLATION_CONNECTION */;
